{
  "width": 86,
  "height": 34,
  "values": [
0,0,0,0,0,0,0,0,0,0,0,0,0,0,0,0,0,0,0,0,0,0,0,0,0,0,0,0,0,0,0,0,0,0,0,0,0,0,0,0,0,0,0,0,0,0,0,0,0,0,0,0,0,0,0,0,0,0,0,0,0,0,0,0,0,0,0,0,0,0,0,0,0,0,0,0,0,0,0,0,0,0,0,0,0,0,
0,0,0,0,0,0,0,0,0,0,0,0,0,0,0,0,0,0,0,0,0,0,0,0,0,0,0,0,0,0,0,0,0,0,0,0,0,0,0,0,0,0,0,0,0,0,0,0,0,0,0,0,0,0,0,0,0,0,0,0,0,0,0,0,0,0,0,0,0,0,0,0,0,0,0,0,0,0,0,0,0,0,0,0,0,0,
0,0,0,0,0,0,0,0,0,0,0,0,0,0,0,0,0,0,0,0,0,0,0,0,0,0,0,0,0,0,0,0,0,0,0,0,0,0,0,0,0,0,0,0,0,0,0,0,0,0,0,0,0,0,0,0,0,0,0,0,0,0,0,0,0,0,0,0,0,0,0,0,0,0,0,0,0,0,0,0,0,0,0,0,0,0,
0,0,0,0,0,0,0,0,0,0,0,0,0,0,0,0,0,0,0,0,0,0,0,0,0,0,0,0,0,0,0,0,0,0,0,0,0,0,0,0,0,0,0,-4.6999998,-19.1000004,-23.3999996,0,0,0,0,0,0,0,0,0,0,0,0,0,0,0,0,0,0,0,0,0,0,0,0,0,0,0,0,0,0,0,0,0,0,0,0,0,0,0,0,
0,0,0,0,0,0,0,0,0,0,0,0,0,0,0,0,0,0,0,0,0,0,0,0,0,0,0,0,0,0,0,0,0,0,0,0,0,0,0,0,0,0,0,-21.4000015,-6.3000002,-1.4000001,0,-60.7000008,-57.2000008,-4.1999998,0,0,0,0,0,0,0,0,0,0,0,0,0,0,0,0,0,0,0,0,0,0,0,0,0,0,0,0,0,0,0,0,0,0,0,0,
0,0,0,0,0,0,0,0,0,0,0,0,0,0,0,0,0,0,0,0,0,0,0,0,0,0,0,0,0,0,0,0,0,0,0,0,0,0,0,0,-0.1,-0.1,0,0,-17.7000008,0,0,0,0,0,0,0,-24.7999992,0,-24.2999992,-63.5000038,-116.5,-22.0999985,-5.6000009,-102,-3.4999998,0,0,0,0,0,0,0,0,0,0,0,0,0,0,0,0,0,0,0,0,0,0,0,0,0,
0,0,0,0,0,0,0,0,0,0,0,0,0,0,0,0,0,0,0,0,0,0,0,0,0,0,0,0,0,0,0,0,0,0,0,0,0,0,0,-0.1,-1.6,-0.1,0,0,0,-22.8000011,-178,-158.1999969,-139.6999969,-202,-167.8000031,-160,-160,-121.2999954,-131.8000031,-85.1999969,-0.2,-199.4000092,-125.4000015,-111.5999985,-122.8000031,-108,-120.5,0,0,0,0,0,0,0,0,0,0,0,0,0,0,0,0,0,0,0,0,0,0,0,
0,0,0,0,0,0,0,0,0,0,0,0,0,0,0,0,0,0,0,0,0,0,0,0,0,0,0,0,0,0,0,0,0,0,0,0,0,0,0,-20.2999992,0,0,-5.7999997,-60.5999985,-140.5,-139.5,-159.5,-154.2000122,-168,-199.7999878,-200.7000122,-202.1999969,-119.7000046,-107.8000031,-136.6999969,-196.1000061,-224.8999939,-201.9000092,-103.5,-135.8000031,-99,-83.6000061,-98.7000046,-123.1999969,0,0,0,0,0,0,0,0,0,0,0,0,0,0,0,0,0,0,0,0,0,0,
0,0,0,0,0,0,0,0,0,0,0,0,0,0,0,0,0,0,0,0,0,0,0,0,0,0,0,0,0,0,0,0,0,0,-19.5,-39.6000023,-58.7999992,0,-9.5,0,0,-11.6999998,-149.5,-160.3000031,-149.9000092,-139.9000092,-159.7999878,-173.6999969,-205.6000061,-218.0999908,-208,-167.8999939,-128.0999908,-115.5,-161.1000061,-199.7000122,-206.5,-222,-163.1999969,-108.1999969,-117.1999969,-92.7999954,-98.7000046,-139.2000122,-13.6999989,0,0,0,0,0,0,0,0,0,0,0,0,0,0,0,0,0,0,0,0,0,
0,0,0,0,0,0,0,0,0,0,0,0,0,0,0,0,0,0,0,0,0,0,0,0,0,0,0,0,0,0,0,0,-6.8000002,-28,-60.9000015,-77.3000031,0,0,0,-20.3999996,-114.1999969,-182.3000031,-163.9000092,-166.5,-166.9000092,-160.1999969,-167.3000031,-191.2999878,-196.7000122,-218.6999969,-220.3000031,-200.8999939,-174,-184.5999908,-197.1000061,-240.0999908,-227.6999969,-212.3000031,-171.5,-135.2999878,-119.4000015,-122,-217.6999969,-141.8000031,-118.4000015,0,0,0,0,0,0,0,0,0,0,0,0,0,0,0,0,0,0,0,0,0,
0,0,0,0,0,0,0,0,0,0,0,0,0,0,0,0,0,0,0,0,0,0,0,0,0,0,0,0,0,0,0,0,-165.8999939,-21.6999989,-38.7999992,-53.5000038,-67.6999969,-122.1999969,-172.8999939,-180.1999969,-168.5,-154.1999969,-176.0999908,-223.5,-143.6999969,-139.7999878,-175.4000092,-232.3000031,-224.3000031,-231.1999969,-258.4000244,-238,-219.5,-223,-208.3000031,-178.9000092,-196.2000122,-209.3000031,-238.3000031,-207.1999969,-178.5999908,-136.8000031,-220,-165.3999939,-134.8999939,0,0,0,0,0,0,0,0,0,0,0,0,0,0,0,0,0,0,0,0,0,
0,0,0,0,0,0,0,0,0,0,0,0,0,0,0,0,0,0,0,0,0,0,0,0,0,0,0,0,0,0,0,0,-21.5999985,0,-213.4000092,-249.7000122,-242.6000061,-165.8999939,-63.6000023,-170.4000092,-110.3000031,-28.0000019,-91.0999985,-242.9000092,-219.6000061,-239.9000092,-240.1000061,-240,-239.6000061,-279.4000244,-247.1000061,-240,-239.5,-215.3000031,-180.8000031,-200.1000061,-244,-245.1999969,-126.0999985,-78.3000031,-135.5,-171.8999939,-243,-166.6000061,-113,-181.8999939,0,0,0,0,0,0,0,0,0,0,0,0,0,0,0,0,0,0,0,0,
0,0,0,0,0,0,0,0,0,0,0,0,0,0,0,0,0,0,0,0,0,0,0,0,0,0,0,0,0,0,0,-51.8999977,-197.6999969,-248,-233,-201.8000031,-180.8999939,-103.9000015,0,0,-94.2000046,-121,-85.4000015,-242.8000031,-233.3999939,-264.2999878,-250,-238.0999908,-257.7999878,-232.1000061,-219.3000031,-220,-219.1000061,-242.4000092,-157.1000061,-132.8000031,-297.1000061,-245.1999969,-168.6000061,-194.9000092,-183.5,-210.8000031,-262.2000122,-218.3999939,-159.8999939,-149.1000061,-51,0,0,0,0,0,0,0,0,0,0,0,0,0,0,0,0,0,0,0,
0,0,0,0,0,0,0,0,0,0,0,0,0,0,0,0,0,0,0,0,0,0,0,0,0,0,0,0,0,-19.1000023,-212.5,-223,-206.6999969,-195.2000122,-148.3999939,-55.5,0,0,-0.8000004,-181.3000031,-182.0999908,-226.1000061,-253.1999969,-252.7000122,-273.5,-289.3999939,-246.5,-239.3999939,-239.5,-225.8000031,-230.5,-201.6000061,-223.5999908,-223.8000031,-182.8000031,-240.6999969,-207.7000122,-199.6999969,-221.8999939,-221.1999969,-174.0999908,-256.7000122,-193.6000061,-211,-222.3999939,-138.6999969,-118.0999985,-64.5999985,0,0,0,0,0,0,0,0,0,0,0,0,0,0,0,0,0,0,
0,0,0,0,0,0,0,0,0,0,0,0,0,0,0,0,0,0,0,0,0,0,0,0,0,0,0,-73,-201.4000092,-226.6999969,-217.6000061,-185.9000092,-48.5,0,0,-8.5,-52.2000008,-120.5999908,-206.6999969,-229.5,-219.8000031,-253.5999908,-270.5999756,-302.5,-280.2999878,-244.8999939,-226.2999878,-255.0999908,-254.0999908,-240.1000061,-240,-240.1000061,-203.9000092,-161.5,-182.2000122,-220.1999969,-222.8000031,-225.5,-232.5,-240.2000122,-238.6999969,-278.7000122,-179.5,-179.8999939,-243.6999969,-158.1000061,-111.3000031,-106.5999985,-100.4000015,-55.9999962,0,0,0,0,-72.9000015,-63.1999969,-56.0999985,-83.5999985,-104,-60.5999985,0,0,0,0,0,0,
0,0,0,0,0,0,0,0,0,0,0,0,0,0,0,0,0,0,0,0,0,0,0,0,-22.7000008,-205.5,-211.1999969,-211.5,-211.3999939,-180.3000031,-127.1999969,-79.9000015,0,0,-19.7000008,-178.0999908,-229.5999908,-231.9000092,-219.8999939,-220.8000031,-221.1999969,-247,-280.3999939,-252.5,-242.1999969,-233.5,-219.1000061,-265.5999756,-221.1000061,-218.8999939,-220.2999878,-159.7000122,-128.6999969,-159.3000031,-207.5,-239.1999969,-247.8999939,-257.2999878,-262.6000061,-260.1000061,-259,-247.8999939,-201.7999878,-180.3000031,-215.1999969,-156.8999939,-141.8999939,-160.7999878,-135.5,-119.8999939,-99.0999985,-79.8000031,-63.0000038,-64.1999969,-105.3000031,-88.5999985,-105.2999954,-169.2999878,-139,0,0,0,0,0,0,0,
0,0,0,0,0,0,0,0,0,0,0,0,0,0,0,0,0,0,0,0,-11.3000011,-122.1999969,-175.3000031,-201.6999969,-185.8000031,-188.8000031,-192.3999939,-180,-134.1000061,-181.1999969,-160.5999908,-152,-153.8000031,-175.1000061,-209.8000031,-194.6999969,-226.1999969,-233.8999939,-212.3000031,-190.9000092,-199.6999969,-200.6000061,-214.3999939,-218.6999969,-239.3000031,-237.8000031,-248.4000092,-255.0999908,-241.5,-241.2999878,-180.3000031,-139.4000092,-139,-196.3000031,-240.5,-253.7999878,-272.3999939,-283.6000061,-278.3999939,-261.6999817,-260.7000122,-245.8000031,-197.5,-230.3999939,-226.8999939,-154.9000092,-164.6000061,-34.7000008,0,0,0,0,-159.3999939,-149.3999939,-120.2000046,-96.8999939,-122.8000031,-156.0999908,-69.9000015,0,0,0,0,0,0,0,
0,0,0,0,0,0,0,0,0,0,0,0,0,0,0,0,0,-122.9000015,-153,-157.9000092,-167.0999908,-179.3000031,-181.7999878,-184.8000031,-179.7999878,-181.5,-182.1999969,-182.6999969,-182.7000122,-177.4000092,-177.1000061,-180.1999969,-180,-179.2999878,-198.4000092,-198.1000061,-184.6999969,-216.5,-211.3999939,-193.3000031,-164.8999939,-241.1000061,-249.1000061,-251,-246.8000031,-285,-280.7000122,-251.5,-220.8999939,-198.9000092,-160.5,-159.3999939,-152.6999969,-231.7000122,-279,-288.7000122,-300,-300.8999939,-281,-266.3999939,-247.3000031,-239.6999969,-264.1000061,-165.0999908,-79.3000031,-283.9000244,-124.1000061,-119.0999985,-157.0999908,-100,-106.7999954,-183.5999908,-160.6999969,-120.8000031,-99.5999985,-104,-158.5,-38,0,0,0,0,0,0,0,0,
